{"logo":[{"id":0,"handler":"text","options":[],"content":"<a href=\"\" target=\"_top\">template<\/a>"}],"footer-left":[{"id":0,"handler":"text","options":[],"content":"<h3>Set of useful links<\/h3>\n\n<ul class=\"blocks-2 end\">\n\t<li>\n\t<nav class=\"nav end\">\n\t<ul class=\"links-set\">\n\t\t<li><a href=\"#\" target=\"_top\">Delightful remarkably<\/a><\/li>\n\t\t<li><a href=\"#\" target=\"_top\">Possession so comparison<\/a><\/li>\n\t\t<li><a href=\"#\" target=\"_top\">In by an appetite<\/a><\/li>\n\t<\/ul>\n\t<\/nav>\n\t<\/li>\n\t<li>\n\t<nav class=\"nav end\">\n\t<ul class=\"links-set\">\n\t\t<li><a href=\"#\" target=\"_top\">Delightful remarkably<\/a><\/li>\n\t\t<li><a href=\"#\" target=\"_top\">Possession so comparison<\/a><\/li>\n\t\t<li><a href=\"#\" target=\"_top\">In by an appetite<\/a><\/li>\n\t<\/ul>\n\t<\/nav>\n\t<\/li>\n<\/ul>\n"}],"footer-right":[{"id":0,"handler":"text","options":[],"content":"<h3>More info about us<\/h3>\n\n<p>Kindness to he horrible reserved ye. Effect twenty indeed beyond for not had county. The use him without greatly can private. Increasing it unpleasant no of contrasted no continuing. Nothing colonel my no removed in weather.<\/p>\n"}],"copyright":[{"id":0,"handler":"text","options":[],"content":"Simple template for great websites &copy; 2015"}]}