{"name":"index","title":"My Site","slug":"","uri":"index","lang":"en","meta":{"keywords":"","description":"About my site"},"layout":"index.html","widgets":{"logo":"global","hero":[{"id":0,"handler":"text","options":[],"content":"Hello world!"}],"tagline":[{"id":0,"handler":"text","options":[],"content":"something less important goes here"}],"content":[{"id":0,"handler":"text","options":[],"content":"<h2>Content will be here!<\/h2>\n\n<h3>Subheaders always tell more<\/h3>\n\n<p class=\"image\"><img alt=\"\" src=\"\/theme\/img\/img5.jpg\" \/><\/p>\n\n<p>Delightful remarkably mr on announcing themselves entreaties favourable. About to in so terms voice at. Sense child do state to defer mr of forty.<\/p>\n"}],"sidebar":[{"id":0,"handler":"text","options":[],"content":"<h2>Side Story<\/h2>\n\n<h3>With subheader<\/h3>\n\n<p>In by an appetite no <a href=\"#\" target=\"_top\">humoured returned<\/a> informed. Ever lady son yet you very paid form away. Sense child do state to defer mr of forty. Become latter but nor abroad wisdom waited. Possession so comparison inquietude he conviction no decisively.<\/p>\n\n<p>In by an appetite no humoured returned informed. Ever lady son yet <strong>you very paid form away<\/strong>. Sense child do state to defer mr of forty. Become latter but nor abroad wisdom waited. Possession so comparison inquietude he conviction no decisively.<\/p>\n\n<p>Delightful remarkably mr on announcing themselves <a href=\"#\" target=\"_top\">entreaties favourable<\/a>. About to in so terms voice at. Sense child do state to defer mr of forty.<\/p>\n"}],"featured-title":[{"id":0,"handler":"text","options":[],"content":"What we can do for you"}],"footer-left":"global","footer-right":"global","copyright":"global","test":[{"id":0,"handler":"text","options":[],"content":"Test regiondd"}]},"collections":{"services":["<div class=\"unit-33 item\" style=\"position: relative;\"><div class=\"title\"><a href=\"#\" target=\"_top\">Second Item<\/a><\/div>\n\n<div class=\"image\"><a href=\"#\" target=\"_top\"><img alt=\"\" src=\"\/theme\/img\/img3.jpg\"><\/a><\/div>\n\n<div class=\"body\">\n<div class=\"text\">Delightful remarkably mr on announcing themselves entreaties favourable<\/div>\n\n<div class=\"more\"><a class=\"button\" href=\"#\" target=\"_top\">Learn More<\/a><\/div>\n<\/div>\n<\/div>","<div class=\"unit-33 item\"><div class=\"title\"><a href=\"#\" target=\"_top\">First Item<\/a><\/div>\n\n<div class=\"image\"><a href=\"#\" target=\"_top\"><img alt=\"\" src=\"\/theme\/img\/img2.jpg\"><\/a><\/div>\n\n<div class=\"body\">\n<div class=\"text\">Delightful remarkably mr on announcing themselves entreaties favourable<\/div>\n\n<div class=\"more\"><a class=\"button\" href=\"#\" target=\"_top\">Learn More<\/a><\/div>\n<\/div>\n<\/div>","<div class=\"unit-33 item\"><div class=\"title\"><a href=\"#\" target=\"_top\">Third Item<\/a><\/div>\n\n<div class=\"image\"><a href=\"#\" target=\"_top\"><img alt=\"\" src=\"\/theme\/img\/img4.jpg\"><\/a><\/div>\n\n<div class=\"body\">\n<div class=\"text\">Delightful remarkably mr on announcing themselves entreaties favourable<\/div>\n\n<div class=\"more\"><a class=\"button\" href=\"#\" target=\"_top\">Learn More<\/a><\/div>\n<\/div>\n<\/div>"]}}