{"jquery":"2.1.4","menus":{"Main Menu":{"id":"Main Menu","item":"<li><a href=\"{item:href}\" target=\"{item:target}\">{item:title}<\/a><\/li>","selected_item":"<li class=\"active\"><a href=\"{item:href}\" target=\"{item:target}\">{item:title}<\/a><\/li>"}},"regions":{"logo":{"id":"logo","is_global":true,"is_fixed":true,"is_collection":false},"content":{"id":"content","content":"<h2>Inner Page with Sidebar<\/h2>                    <h3>Fill it with awesome content right now<\/h3>                    <p class=\"image\"><img src=\"{insert:root}\/theme\/img\/img1.jpg\" alt=\"\" \/><\/p>                    <p>                        Particular unaffected projection sentiments no my. Music marry as at cause party worth weeks.                        Saw how marianne graceful dissuade new outlived prospect followed. Uneasy no settle whence nature                        narrow in afraid.                    <\/p>                    <p>                        In by an appetite no humoured returned informed.                        Ever lady son yet <strong>you very paid form away<\/strong>. Sense child do state to defer mr of forty.                        Become latter but nor abroad wisdom waited.  Possession so comparison inquietude he                        conviction no decisively.                    <\/p>                    <p>                        Delightful remarkably mr on announcing themselves entreaties favourable.                        About to in so terms voice at. Sense child do state to defer mr of forty.                    <\/p>                    <p>                        In by an appetite no humoured returned informed. Possession so comparison inquietude he                        conviction no decisively. Marianne jointure attended she hastened surprise but she.                        Ever lady son yet you very paid form away.                        Become latter but nor abroad wisdom waited. Equal an would is found seems of.                        The particular friendship one sufficient terminated frequently themselves. It more shed went up                        is roof if loud case. Delay music in lived noise an. Beyond genius really enough                        passed.                    <\/p>","is_global":false,"is_fixed":false,"is_collection":false},"sidebar":{"id":"sidebar","content":"<h2>Side Story<\/h2>                    <h3>With subheader<\/h3>                    <p>                        In by an appetite no <a href=\"#\">humoured returned<\/a> informed.                        Ever lady son yet you very paid form away. Sense child do state to defer mr of forty.                        Become latter but nor abroad wisdom waited.  Possession so comparison inquietude he                        conviction no decisively.                    <\/p>                    <p>                        In by an appetite no humoured returned informed.                        Ever lady son yet <strong>you very paid form away<\/strong>. Sense child do state to defer mr of forty.                        Become latter but nor abroad wisdom waited.  Possession so comparison inquietude he                        conviction no decisively.                    <\/p>                    <p>                        Delightful remarkably mr on announcing themselves <a href=\"#\">entreaties favourable<\/a>.                        About to in so terms voice at. Sense child do state to defer mr of forty.                    <\/p>","is_global":false,"is_fixed":false,"is_collection":false},"footer-left":{"id":"footer-left","is_global":true,"is_fixed":true,"is_collection":false},"footer-right":{"id":"footer-right","is_global":true,"is_fixed":true,"is_collection":false},"copyright":{"id":"copyright","is_global":true,"is_fixed":true,"is_collection":false}}}